constructorId,fullName,id,name
adams,Adams,adams,Adams
afm,AFM 6,afm-6,6
afm,AFM 8,afm-8,8
ags,AGS JH21C,ags-jh21c,JH21C
ags,AGS JH22,ags-jh22,JH22
ags,AGS JH23,ags-jh23,JH23
ags,AGS JH23B,ags-jh23b,JH23B
ags,AGS JH24,ags-jh24,JH24
ags,AGS JH25,ags-jh25,JH25
ags,AGS JH25B,ags-jh25b,JH25B
ags,AGS JH27,ags-jh27,JH27
alfa-romeo,Alfa Romeo 158,alfa-romeo-158,158
alfa-romeo,Alfa Romeo 159,alfa-romeo-159,159
alfa-romeo,Alfa Romeo 177,alfa-romeo-177,177
alfa-romeo,Alfa Romeo 179,alfa-romeo-179,179
alfa-romeo,Alfa Romeo 179B,alfa-romeo-179b,179B
alfa-romeo,Alfa Romeo 179C,alfa-romeo-179c,179C
alfa-romeo,Alfa Romeo 179D,alfa-romeo-179d,179D
alfa-romeo,Alfa Romeo 182,alfa-romeo-182,182
alfa-romeo,Alfa Romeo 182B,alfa-romeo-182b,182B
alfa-romeo,Alfa Romeo 183T,alfa-romeo-183t,183T
alfa-romeo,Alfa Romeo 184T,alfa-romeo-184t,184T
alfa-romeo,Alfa Romeo 184TB,alfa-romeo-184tb,184TB
alfa-romeo,Alfa Romeo 185T,alfa-romeo-185t,185T
alfa-romeo,Alfa Romeo C38,alfa-romeo-c38,C38
alfa-romeo,Alfa Romeo C39,alfa-romeo-c39,C39
alfa-romeo,Alfa Romeo C41,alfa-romeo-c41,C41
alfa-romeo,Alfa Romeo C42,alfa-romeo-c42,C42
alfa-romeo,Alfa Romeo C43,alfa-romeo-c43,C43
alfa-special,Alfa Special Special,alfa-special-special,Special
alphatauri,AlphaTauri AT01,alphatauri-at01,AT01
alphatauri,AlphaTauri AT02,alphatauri-at02,AT02
alphatauri,AlphaTauri AT03,alphatauri-at03,AT03
alphatauri,AlphaTauri AT04,alphatauri-at04,AT04
alpine,Alpine A521,alpine-a521,A521
alpine,Alpine A522,alpine-a522,A522
alpine,Alpine A523,alpine-a523,A523
alpine,Alpine A524,alpine-a524,A524
alpine,Alpine A525,alpine-a525,A525
alta,Alta F2,alta-f2,F2
alta,Alta GP,alta-gp,GP
amon,Amon AF101,amon-af101,AF101
andrea-moda,Andrea Moda C4B,andrea-moda-c4b,C4B
andrea-moda,Andrea Moda S921,andrea-moda-s921,S921
apollon,Apollon Fly,apollon-fly,Fly
arrows,Arrows A1,arrows-a1,A1
arrows,Arrows A10,arrows-a10,A10
arrows,Arrows A10B,arrows-a10b,A10B
arrows,Arrows A11,arrows-a11,A11
arrows,Arrows A11B,arrows-a11b,A11B
arrows,Arrows A18,arrows-a18,A18
arrows,Arrows A19,arrows-a19,A19
arrows,Arrows A2,arrows-a2,A2
arrows,Arrows A20,arrows-a20,A20
arrows,Arrows A21,arrows-a21,A21
arrows,Arrows A22,arrows-a22,A22
arrows,Arrows A23,arrows-a23,A23
arrows,Arrows A3,arrows-a3,A3
arrows,Arrows A4,arrows-a4,A4
arrows,Arrows A5,arrows-a5,A5
arrows,Arrows A6,arrows-a6,A6
arrows,Arrows A7,arrows-a7,A7
arrows,Arrows A8,arrows-a8,A8
arrows,Arrows A9,arrows-a9,A9
arrows,Arrows FA1,arrows-fa1,FA1
arzani-volpini,Arzani-Volpini F1,arzani-volpini-f1,F1
aston-butterworth,Aston Butterworth NB41,aston-butterworth-nb41,NB41
aston-butterworth,Aston Butterworth NB42,aston-butterworth-nb42,NB42
aston-martin,Aston Martin AMR21,aston-martin-amr21,AMR21
aston-martin,Aston Martin AMR22,aston-martin-amr22,AMR22
aston-martin,Aston Martin AMR23,aston-martin-amr23,AMR23
aston-martin,Aston Martin AMR24,aston-martin-amr24,AMR24
aston-martin,Aston Martin AMR25,aston-martin-amr25,AMR25
aston-martin,Aston Martin DBR4,aston-martin-dbr4,DBR4
aston-martin,Aston Martin DBR5,aston-martin-dbr5,DBR5
ats,ATS 100,ats-100,100
ats-wheels,ATS D1,ats-wheels-d1,D1
ats-wheels,ATS D2,ats-wheels-d2,D2
ats-wheels,ATS D3,ats-wheels-d3,D3
ats-wheels,ATS D4,ats-wheels-d4,D4
ats-wheels,ATS D5,ats-wheels-d5,D5
ats-wheels,ATS D6,ats-wheels-d6,D6
ats-wheels,ATS D7,ats-wheels-d7,D7
ats-wheels,ATS HGS1,ats-wheels-hgs1,HGS1
ats-wheels,ATS HS1,ats-wheels-hs1,HS1
balsa,Balsa Spécial,balsa-special,Spécial
bar,BAR 002,bar-002,2
bar,BAR 003,bar-003,3
bar,BAR 004,bar-004,4
bar,BAR 005,bar-005,5
bar,BAR 006,bar-006,6
bar,BAR 006,bar-007,6
bar,BAR 01,bar-01,1
behra-porsche,Behra-Porsche RSK,behra-porsche-rsk,RSK
bellasi,Bellasi F1 70,bellasi-f1-70,F1 70
benetton,Benetton B186,benetton-b186,B186
benetton,Benetton B187,benetton-b187,B187
benetton,Benetton B188,benetton-b188,B188
benetton,Benetton B189,benetton-b189,B189
benetton,Benetton B189B,benetton-b189b,B189B
benetton,Benetton B190,benetton-b190,B190
benetton,Benetton B190B,benetton-b190b,B190B
benetton,Benetton B191,benetton-b191,B191
benetton,Benetton B191B,benetton-b191b,B191B
benetton,Benetton B192,benetton-b192,B192
benetton,Benetton B193,benetton-b193,B193
benetton,Benetton B193B,benetton-b193b,B193B
benetton,Benetton B194,benetton-b194,B194
benetton,Benetton B195,benetton-b195,B195
benetton,Benetton B196,benetton-b196,B196
benetton,Benetton B197,benetton-b197,B197
benetton,Benetton B198,benetton-b198,B198
benetton,Benetton B199,benetton-b199,B199
benetton,Benetton B200,benetton-b200,B200
benetton,Benetton B201,benetton-b201,B201
bmw,BMW 269,bmw-269,269
bmw-sauber,BMW Sauber F1.06,bmw-sauber-f1-06,F1.06
bmw-sauber,BMW Sauber F1.07,bmw-sauber-f1-07,F1.07
bmw-sauber,BMW Sauber F1.08,bmw-sauber-f1-08,F1.08
bmw-sauber,BMW Sauber F1.09,bmw-sauber-f1-09,F1.09
boro,Boro 001,boro-001,1
brabham,Brabham BT10,brabham-bt10,BT10
brabham,Brabham BT11,brabham-bt11,BT11
brabham,Brabham BT16,brabham-bt16,BT16
brabham,Brabham BT18,brabham-bt18,BT18
brabham,Brabham BT19,brabham-bt19,BT19
brabham,Brabham BT20,brabham-bt20,BT20
brabham,Brabham BT22,brabham-bt22,BT22
brabham,Brabham BT23,brabham-bt23,BT23
brabham,Brabham BT23B,brabham-bt23b,BT23B
brabham,Brabham BT23C,brabham-bt23c,BT23C
brabham,Brabham BT24,brabham-bt24,BT24
brabham,Brabham BT26,brabham-bt26,BT26
brabham,Brabham BT26A,brabham-bt26a,BT26A
brabham,Brabham BT3,brabham-bt3,BT3
brabham,Brabham BT30,brabham-bt30,BT30
brabham,Brabham BT33,brabham-bt33,BT33
brabham,Brabham BT34,brabham-bt34,BT34
brabham,Brabham BT37,brabham-bt37,BT37
brabham,Brabham BT42,brabham-bt42,BT42
brabham,Brabham BT44,brabham-bt44,BT44
brabham,Brabham BT44B,brabham-bt44b,BT44B
brabham,Brabham BT45,brabham-bt45,BT45
brabham,Brabham BT45B,brabham-bt45b,BT45B
brabham,Brabham BT45C,brabham-bt45c,BT45C
brabham,Brabham BT46,brabham-bt46,BT46
brabham,Brabham BT46B,brabham-bt46b,BT46B
brabham,Brabham BT46C,brabham-bt46c,BT46C
brabham,Brabham BT48,brabham-bt48,BT48
brabham,Brabham BT49,brabham-bt49,BT49
brabham,Brabham BT49C,brabham-bt49c,BT49C
brabham,Brabham BT49D,brabham-bt49d,BT49D
brabham,Brabham BT50,brabham-bt50,BT50
brabham,Brabham BT52,brabham-bt52,BT52
brabham,Brabham BT52B,brabham-bt52b,BT52B
brabham,Brabham BT53,brabham-bt53,BT53
brabham,Brabham BT54,brabham-bt54,BT54
brabham,Brabham BT55,brabham-bt55,BT55
brabham,Brabham BT56,brabham-bt56,BT56
brabham,Brabham BT58,brabham-bt58,BT58
brabham,Brabham BT59,brabham-bt59,BT59
brabham,Brabham BT59Y,brabham-bt59y,BT59Y
brabham,Brabham BT6,brabham-bt6,BT6
brabham,Brabham BT60B,brabham-bt60b,BT60B
brabham,Brabham BT60Y,brabham-bt60y,BT60Y
brabham,Brabham BT7,brabham-bt7,BT7
brawn,Brawn BGP 001,brawn-bgp-001,BGP 001
brm,BRM P115,brm-p115,P115
brm,BRM P126,brm-p126,P126
brm,BRM P133,brm-p133,P133
brm,BRM P138,brm-p138,P138
brm,BRM P139,brm-p139,P139
brm,BRM P15,brm-p15,P15
brm,BRM P153,brm-p153,P153
brm,BRM P160,brm-p160,P160
brm,BRM P160B,brm-p160b,P160B
brm,BRM P160C,brm-p160c,P160C
brm,BRM P160D,brm-p160d,P160D
brm,BRM P160E,brm-p160e,P160E
brm,BRM P180,brm-p180,P180
brm,BRM P201,brm-p201,P201
brm,BRM P201B,brm-p201b,P201B
brm,BRM P207,brm-p207,P207
brm,BRM P25,brm-p25,P25
brm,BRM P261,brm-p261,P261
brm,BRM P48/57,brm-p48-57,P48/57
brm,BRM P48,brm-p48,P48
brm,BRM P57,brm-p57,P57
brm,BRM P61,brm-p61,P61
brm,BRM P67,brm-p67,P67
brm,BRM P83,brm-p83,P83
bromme,Bromme,bromme,Bromme
brp,BRP Mk 1,brp-mk-1,Mk 1
brp,BRP Mk 2,brp-mk-2,Mk 2
bugatti,Bugatti T251,bugatti-t251,T251
caterham,Caterham CT01,caterham-ct01,CT01
caterham,Caterham CT03,caterham-ct03,CT03
caterham,Caterham CT05,caterham-ct05,CT05
christensen,Christensen,christensen,Christensen
cisitalia,Cisitalia D46,cisitalia-d46,D46
coloni,Coloni C3,coloni-c3,C3
coloni,Coloni C3B,coloni-c3b,C3B
coloni,Coloni C3C,coloni-c3c,C3C
coloni,Coloni C4,coloni-c4,C4
coloni,Coloni FC187,coloni-fc187,FC187
coloni,Coloni FC188,coloni-fc188,FC188
coloni,Coloni FC188B,coloni-fc188b,FC188B
connaught,Connaught A,connaught-a,A
connaught,Connaught B,connaught-b,B
connaught,Connaught C,connaught-c,C
connew,Connew PC1,connew-pc1,PC1
cooper,Cooper Special,cooper-special,Special
cooper,Cooper T12,cooper-t12,T12
cooper,Cooper T20,cooper-t20,T20
cooper,Cooper T23,cooper-t23,T23
cooper,Cooper T24,cooper-t24,T24
cooper,Cooper T40,cooper-t40,T40
cooper,Cooper T41,cooper-t41,T41
cooper,Cooper T43,cooper-t43,T43
cooper,Cooper T44,cooper-t44,T44
cooper,Cooper T45,cooper-t45,T45
cooper,Cooper T51,cooper-t51,T51
cooper,Cooper T53,cooper-t53,T53
cooper,Cooper T55,cooper-t55,T55
cooper,Cooper T58,cooper-t58,T58
cooper,Cooper T59,cooper-t59,T59
cooper,Cooper T60,cooper-t60,T60
cooper,Cooper T66,cooper-t66,T66
cooper,Cooper T71/73,cooper-t71-73,T71/73
cooper,Cooper T73,cooper-t73,T73
cooper,Cooper T77,cooper-t77,T77
cooper,Cooper T79,cooper-t79,T79
cooper,Cooper T81,cooper-t81,T81
cooper,Cooper T81B,cooper-t81b,T81B
cooper,Cooper T82,cooper-t82,T82
cooper,Cooper T86,cooper-t86,T86
cooper,Cooper T86B,cooper-t86b,T86B
dallara,Dallara 3087,dallara-3087,3087
dallara,Dallara F188,dallara-f188,F188
dallara,Dallara F189,dallara-f189,F189
dallara,Dallara F190,dallara-f190,F190
dallara,Dallara F191,dallara-f191,F191
dallara,Dallara F192,dallara-f192,F192
de-tomaso,De Tomaso 505/38,de-tomaso-505-38,505/38
de-tomaso,De Tomaso 801,de-tomaso-801,801
de-tomaso,De Tomaso F1/001,de-tomaso-f1-001,F1/001
de-tomaso,De Tomaso F1/002,de-tomaso-f1-002,F1/002
de-tomaso,De Tomaso F1/003,de-tomaso-f1-003,F1/003
de-tomaso,De Tomaso F1/004,de-tomaso-f1-004,F1/004
deidt,Deidt Tuffanelli Derrico,deidt-tuffanelli-derrico,Tuffanelli Derrico
del-roy,Del Roy,del-roy,Del Roy
derrington-francis,Derrington-Francis DF,derrington-francis-df,DF
dunn,Dunn,dunn,Dunn
eagle,Eagle Mk 1,eagle-mk-1,Mk 1
eagle,Eagle T1F,eagle-t1f,T1F
eagle,Eagle T1G,eagle-t1g,T1G
eifelland,Eifelland 21,eifelland-21,21
elder,Elder,elder,Elder
emeryson,Emeryson 56,emeryson-56,56
emeryson,Emeryson 61,emeryson-61,61
emw,EMW R2,emw-r2,R2
enb,ENB F1,enb-f1,F1
ensign,Ensign N173,ensign-n173,N173
ensign,Ensign N174,ensign-n174,N174
ensign,Ensign N175,ensign-n175,N175
ensign,Ensign N176,ensign-n176,N176
ensign,Ensign N177,ensign-n177,N177
ensign,Ensign N179,ensign-n179,N179
ensign,Ensign N180,ensign-n180,N180
ensign,Ensign N180B,ensign-n180b,N180B
ensign,Ensign N181,ensign-n181,N181
epperly,Epperly Indy Roadster,epperly-indy-roadster,Indy Roadster
era,ERA A,era-a,A
era,ERA B,era-b,B
era,ERA E,era-e,E
era,ERA G,era-g,G
eurobrun,EuroBrun ER188,eurobrun-er188,ER188
eurobrun,EuroBrun ER188B,eurobrun-er188b,ER188B
eurobrun,EuroBrun ER189,eurobrun-er189,ER189
eurobrun,EuroBrun ER189B,eurobrun-er189b,ER189B
ewing,Ewing,ewing,Ewing
ferguson,Ferguson P99,ferguson-p99,P99
ferrari,Ferrari 125,ferrari-125,125
ferrari,Ferrari 126C2,ferrari-126c2,126C2
ferrari,Ferrari 126C2B,ferrari-126c2b,126C2B
ferrari,Ferrari 126C3,ferrari-126c3,126C3
ferrari,Ferrari 126C4,ferrari-126c4,126C4
ferrari,Ferrari 126CK,ferrari-126ck,126CK
ferrari,Ferrari 150° Italia,ferrari-150-italia,150° Italia
ferrari,Ferrari 1512,ferrari-1512,1512
ferrari,Ferrari 156/85,ferrari-156-85,156/85
ferrari,Ferrari 156,ferrari-156,156
ferrari,Ferrari 158,ferrari-158,158
ferrari,Ferrari 166,ferrari-166,166
ferrari,Ferrari 166S,ferrari-166s,166S
ferrari,Ferrari 212,ferrari-212,212
ferrari,Ferrari 246 P,ferrari-246-p,246 P
ferrari,Ferrari 246,ferrari-246,246
ferrari,Ferrari 248 F1,ferrari-248-f1,248 F1
ferrari,Ferrari 275,ferrari-275,275
ferrari,Ferrari 312/66,ferrari-312-66,312/66
ferrari,Ferrari 312/67/68,ferrari-312-67-68,312/67/68
ferrari,Ferrari 312/67,ferrari-312-67,312/67
ferrari,Ferrari 312/68,ferrari-312-68,312/68
ferrari,Ferrari 312/69,ferrari-312-69,312/69
ferrari,Ferrari 312B,ferrari-312b,312B
ferrari,Ferrari 312B2,ferrari-312b2,312B2
ferrari,Ferrari 312B3-74,ferrari-312b3-74,312B3-74
ferrari,Ferrari 312B3,ferrari-312b3,312B3
ferrari,Ferrari 312T,ferrari-312t,312T
ferrari,Ferrari 312T2,ferrari-312t2,312T2
ferrari,Ferrari 312T2B,ferrari-312t2b,312T2B
ferrari,Ferrari 312T3,ferrari-312t3,312T3
ferrari,Ferrari 312T4,ferrari-312t4,312T4
ferrari,Ferrari 312T4B,ferrari-312t4b,312T4B
ferrari,Ferrari 312T5,ferrari-312t5,312T5
ferrari,Ferrari 375,ferrari-375,375
ferrari,Ferrari 375S,ferrari-375s,375S
ferrari,Ferrari 412T1,ferrari-412t1,412T1
ferrari,Ferrari 412T1B,ferrari-412t1b,412T1B
ferrari,Ferrari 412T2,ferrari-412t2,412T2
ferrari,Ferrari 500,ferrari-500,500
ferrari,Ferrari 553,ferrari-553,553
ferrari,Ferrari 555,ferrari-555,555
ferrari,Ferrari 625,ferrari-625,625
ferrari,Ferrari 640,ferrari-640,640
ferrari,Ferrari 641,ferrari-641,641
ferrari,Ferrari 642/2,ferrari-642-2,642/2
ferrari,Ferrari 642,ferrari-642,642
ferrari,Ferrari 643,ferrari-643,643
ferrari,Ferrari 801,ferrari-801,801
ferrari,Ferrari F1-2000,ferrari-f1-2000,F1-2000
ferrari,Ferrari F1-75,ferrari-f1-75,F1-75
ferrari,Ferrari F1/86,ferrari-f1-86,F1/86
ferrari,Ferrari F1/87/88C,ferrari-f1-87-88c,F1/87/88C
ferrari,Ferrari F1/87,ferrari-f1-87,F1/87
ferrari,Ferrari F10,ferrari-f10,F10
ferrari,Ferrari F138,ferrari-f138,F138
ferrari,Ferrari F14 T,ferrari-f14-t,F14 T
ferrari,Ferrari F2001,ferrari-f2001,F2001
ferrari,Ferrari F2001B,ferrari-f2001b,F2001B
ferrari,Ferrari F2002,ferrari-f2002,F2002
ferrari,Ferrari F2002B,ferrari-f2002b,F2002B
ferrari,Ferrari F2003-GA,ferrari-f2003-ga,F2003-GA
ferrari,Ferrari F2004,ferrari-f2004,F2004
ferrari,Ferrari F2004M,ferrari-f2004m,F2004M
ferrari,Ferrari F2005,ferrari-f2005,F2005
ferrari,Ferrari F2007,ferrari-f2007,F2007
ferrari,Ferrari F2008,ferrari-f2008,F2008
ferrari,Ferrari F2012,ferrari-f2012,F2012
ferrari,Ferrari F300,ferrari-f300,F300
ferrari,Ferrari F310,ferrari-f310,F310
ferrari,Ferrari F310B,ferrari-f310b,F310B
ferrari,Ferrari F399,ferrari-f399,F399
ferrari,Ferrari F60,ferrari-f60,F60
ferrari,Ferrari F92A,ferrari-f92a,F92A
ferrari,Ferrari F92AT,ferrari-f92at,F92AT
ferrari,Ferrari F93A,ferrari-f93a,F93A
ferrari,Ferrari SF-23,ferrari-sf-23,SF-23
ferrari,Ferrari SF-24,ferrari-sf-24,SF-24
ferrari,Ferrari SF-25,ferrari-sf-25,SF-25
ferrari,Ferrari SF1000,ferrari-sf1000,SF1000
ferrari,Ferrari SF15-T,ferrari-sf15-t,SF15-T
ferrari,Ferrari SF16-H,ferrari-sf16-h,SF16-H
ferrari,Ferrari SF21,ferrari-sf21,SF21
ferrari,Ferrari SF70H,ferrari-sf70h,SF70H
ferrari,Ferrari SF71H,ferrari-sf71h,SF71H
ferrari,Ferrari SF90,ferrari-sf90,SF90
first,FIRST F189,first-f189,F189
fittipaldi,Fittipaldi F5,fittipaldi-f5,F5
fittipaldi,Fittipaldi F5A,fittipaldi-f5a,F5A
fittipaldi,Fittipaldi F6,fittipaldi-f6,F6
fittipaldi,Fittipaldi F6A,fittipaldi-f6a,F6A
fittipaldi,Fittipaldi F7,fittipaldi-f7,F7
fittipaldi,Fittipaldi F8,fittipaldi-f8,F8
fittipaldi,Fittipaldi F8C,fittipaldi-f8c,F8C
fittipaldi,Fittipaldi F8D,fittipaldi-f8d,F8D
fittipaldi,Fittipaldi F9,fittipaldi-f9,F9
fittipaldi,Fittipaldi FD01,fittipaldi-fd01,FD01
fittipaldi,Fittipaldi FD02,fittipaldi-fd02,FD02
fittipaldi,Fittipaldi FD03,fittipaldi-fd03,FD03
fittipaldi,Fittipaldi FD04,fittipaldi-fd04,FD04
fondmetal,Fondmetal FA1M-E,fondmetal-fa1m-e,FA1M-E
fondmetal,Fondmetal Fomet-1,fondmetal-fomet-1,Fomet-1
fondmetal,Fondmetal GR01,fondmetal-gr01,GR01
fondmetal,Fondmetal GR02,fondmetal-gr02,GR02
footwork,Footwork A11C,footwork-a11c,A11C
footwork,Footwork FA12,footwork-fa12,FA12
footwork,Footwork FA12C,footwork-fa12c,FA12C
footwork,Footwork FA13,footwork-fa13,FA13
footwork,Footwork FA13B,footwork-fa13b,FA13B
footwork,Footwork FA14,footwork-fa14,FA14
footwork,Footwork FA15,footwork-fa15,FA15
footwork,Footwork FA16,footwork-fa16,FA16
footwork,Footwork FA17,footwork-fa17,FA17
force-india,Force India VJM01,force-india-vjm01,VJM01
force-india,Force India VJM02,force-india-vjm02,VJM02
force-india,Force India VJM03,force-india-vjm03,VJM03
force-india,Force India VJM04,force-india-vjm04,VJM04
force-india,Force India VJM05,force-india-vjm05,VJM05
force-india,Force India VJM06,force-india-vjm06,VJM06
force-india,Force India VJM07,force-india-vjm07,VJM07
force-india,Force India VJM08,force-india-vjm08,VJM08
force-india,Force India VJM08B,force-india-vjm08b,VJM08B
force-india,Force India VJM09,force-india-vjm09,VJM09
force-india,Force India VJM10,force-india-vjm10,VJM10
force-india,Force India VJM11,force-india-vjm11,VJM11
forti,Forti FG01,forti-fg01,FG01
forti,Forti FG01B,forti-fg01b,FG01B
forti,Forti FG03,forti-fg03,FG03
frank-williams-racing-cars,Williams FW,frank-williams-racing-cars-fw,FW
frank-williams-racing-cars,Williams FW04,frank-williams-racing-cars-fw04,FW04
frazer-nash,Frazer-Nash 421,frazer-nash-421,421
frazer-nash,Frazer-Nash FN48,frazer-nash-fn48,FN48
fry,Fry F2,fry-f2,F2
gilby,Gilby 61,gilby-61,61
gilby,Gilby 62,gilby-62,62
gordini,Gordini T15,gordini-t15,T15
gordini,Gordini T16,gordini-t16,T16
gordini,Gordini T16S,gordini-t16s,T16S
gordini,Gordini T32,gordini-t32,T32
greifzu,Greifzu,greifzu,Greifzu
haas,Haas VF-16,haas-vf-16,VF-16
haas,Haas VF-17,haas-vf-17,VF-17
haas,Haas VF-18,haas-vf-18,VF-18
haas,Haas VF-19,haas-vf-19,VF-19
haas,Haas VF-20,haas-vf-20,VF-20
haas,Haas VF-21,haas-vf-21,VF-21
haas,Haas VF-22,haas-vf-22,VF-22
haas,Haas VF-23,haas-vf-23,VF-23
haas,Haas VF-24,haas-vf-24,VF-24
haas,Haas VF-25,haas-vf-25,VF-25
hall,Hall,hall,Hall
heck,Heck,heck,Heck
hesketh,Hesketh 308,hesketh-308,308
hesketh,Hesketh 308B,hesketh-308b,308B
hesketh,Hesketh 308C,hesketh-308c,308C
hesketh,Hesketh 308D,hesketh-308d,308D
hesketh,Hesketh 308E,hesketh-308e,308E
hill,Hill GH1,hill-gh1,GH1
honda,Honda RA106,honda-ra106,RA106
honda,Honda RA107,honda-ra107,RA107
honda,Honda RA108,honda-ra108,RA108
honda,Honda RA271,honda-ra271,RA271
honda,Honda RA272,honda-ra272,RA272
honda,Honda RA273,honda-ra273,RA273
honda,Honda RA300,honda-ra300,RA300
honda,Honda RA301,honda-ra301,RA301
honda,Honda RA302,honda-ra302,RA302
hrt,HRT F110,hrt-f110,F110
hrt,HRT F111,hrt-f111,F111
hrt,HRT F112,hrt-f112,F112
hwm,HWM 51,hwm-51,51
hwm,HWM 52,hwm-52,52
hwm,HWM 53,hwm-53,53
iso-marlboro,Iso-Marlboro FW,iso-marlboro-fw,FW
iso-marlboro,Iso-Marlboro FX3B,iso-marlboro-fx3b,FX3B
iso-marlboro,Iso-Marlboro IR,iso-marlboro-ir,IR
jaguar,Jaguar R1,jaguar-r1,R1
jaguar,Jaguar R2,jaguar-r2,R2
jaguar,Jaguar R3,jaguar-r3,R3
jaguar,Jaguar R3B,jaguar-r3b,R3B
jaguar,Jaguar R4,jaguar-r4,R4
jaguar,Jaguar R5,jaguar-r5,R5
jaguar,Jaguar R5B,jaguar-r5b,R5B
jbw,JBW 59,jbw-59,59
jordan,Jordan 191,jordan-191,191
jordan,Jordan 192,jordan-192,192
jordan,Jordan 193,jordan-193,193
jordan,Jordan 194,jordan-194,194
jordan,Jordan 195,jordan-195,195
jordan,Jordan 196,jordan-196,196
jordan,Jordan 197,jordan-197,197
jordan,Jordan 198,jordan-198,198
jordan,Jordan 199,jordan-199,199
jordan,Jordan EJ10,jordan-ej10,EJ10
jordan,Jordan EJ10B,jordan-ej10b,EJ10B
jordan,Jordan EJ11,jordan-ej11,EJ11
jordan,Jordan EJ12,jordan-ej12,EJ12
jordan,Jordan EJ13,jordan-ej13,EJ13
jordan,Jordan EJ14,jordan-ej14,EJ14
jordan,Jordan EJ15,jordan-ej15,EJ15
jordan,Jordan EJ15B,jordan-ej15b,EJ15B
kauhsen,Kauhsen WK,kauhsen-wk,WK
kick-sauber,Kick Sauber C44,kick-sauber-c44,C44
kick-sauber,Kick Sauber C45,kick-sauber-c45,C45
klenk,Klenk Meteor,klenk-meteor,Meteor
kojima,Kojima KE007,kojima-ke007,KE007
kojima,Kojima KE009,kojima-ke009,KE009
krakau,Krakau,krakau,Krakau
kurtis-kraft,Kurtis Kraft 3,kurtis-kraft-3,3
kurtis-kraft,Kurtis Kraft 327,kurtis-kraft-327,327
kurtis-kraft,Kurtis Kraft 347,kurtis-kraft-347,347
kurtis-kraft,Kurtis Kraft 350,kurtis-kraft-350,350
kurtis-kraft,Kurtis Kraft 4,kurtis-kraft-4,4
kurtis-kraft,Kurtis Kraft 7,kurtis-kraft-7,7
kurtis-kraft,Kurtis Kraft KK1000,kurtis-kraft-kk1000,KK1000
kurtis-kraft,Kurtis Kraft KK2000,kurtis-kraft-kk2000,KK2000
kurtis-kraft,Kurtis Kraft KK3000,kurtis-kraft-kk3000,KK3000
kurtis-kraft,Kurtis Kraft KK4000,kurtis-kraft-kk4000,KK4000
kurtis-kraft,Kurtis Kraft KK500,kurtis-kraft-kk500,KK500
kurtis-kraft,Kurtis Kraft KK500A,kurtis-kraft-kk500a,KK500A
kurtis-kraft,Kurtis Kraft KK500B,kurtis-kraft-kk500b,KK500B
kurtis-kraft,Kurtis Kraft KK500C,kurtis-kraft-kk500c,KK500C
kurtis-kraft,Kurtis Kraft KK500D,kurtis-kraft-kk500d,KK500D
kurtis-kraft,Kurtis Kraft KK500E,kurtis-kraft-kk500e,KK500E
kurtis-kraft,Kurtis Kraft KK500F,kurtis-kraft-kk500f,KK500F
kurtis-kraft,Kurtis Kraft KK500G,kurtis-kraft-kk500g,KK500G
kurtis-kraft,Kurtis Kraft KK500H,kurtis-kraft-kk500h,KK500H
kurtis-kraft,Kurtis Kraft KK500J,kurtis-kraft-kk500j,KK500J
kurtis-kraft,Kurtis Kraft Midget,kurtis-kraft-midget,Midget
kurtis-kraft,Kurtis Kraft,kurtis-kraft,Kurtis Kraft
kuzma,Kuzma Indy Roadster,kuzma-indy-roadster,Indy Roadster
lancia,Lancia D50,lancia-d50,D50
langley,Langley,langley,Langley
larrousse,Larrousse LH93,larrousse-lh93,LH93
larrousse,Larrousse LH94,larrousse-lh94,LH94
larrousse,Larrousse LH95,larrousse-lh95,LH95
lds,LDS Mk 1,lds-mk-1,Mk 1
lds,LDS Mk 2,lds-mk-2,Mk 2
lds,LDS Mk 3,lds-mk-3,Mk 3
lec,LEC CRP1,lec-crp1,CRP1
lesovsky,Lesovsky,lesovsky,Lesovsky
leyton-house,Leyton House CG901,leyton-house-cg901,CG901
leyton-house,Leyton House CG911,leyton-house-cg911,CG911
life,Life L190,life-l190,L190
ligier,Ligier JS11/15,ligier-js11-15,JS11/15
ligier,Ligier JS11,ligier-js11,JS11
ligier,Ligier JS17,ligier-js17,JS17
ligier,Ligier JS17B,ligier-js17b,JS17B
ligier,Ligier JS19,ligier-js19,JS19
ligier,Ligier JS21,ligier-js21,JS21
ligier,Ligier JS23,ligier-js23,JS23
ligier,Ligier JS23B,ligier-js23b,JS23B
ligier,Ligier JS25,ligier-js25,JS25
ligier,Ligier JS27,ligier-js27,JS27
ligier,Ligier JS29B,ligier-js29b,JS29B
ligier,Ligier JS29C,ligier-js29c,JS29C
ligier,Ligier JS31,ligier-js31,JS31
ligier,Ligier JS33,ligier-js33,JS33
ligier,Ligier JS33B,ligier-js33b,JS33B
ligier,Ligier JS35,ligier-js35,JS35
ligier,Ligier JS35B,ligier-js35b,JS35B
ligier,Ligier JS37,ligier-js37,JS37
ligier,Ligier JS39,ligier-js39,JS39
ligier,Ligier JS39B,ligier-js39b,JS39B
ligier,Ligier JS41,ligier-js41,JS41
ligier,Ligier JS43,ligier-js43,JS43
ligier,Ligier JS5,ligier-js5,JS5
ligier,Ligier JS7/9,ligier-js7-9,JS7/9
ligier,Ligier JS7,ligier-js7,JS7
ligier,Ligier JS9,ligier-js9,JS9
lola,Lola LC87,lola-lc87,LC87
lola,Lola LC88,lola-lc88,LC88
lola,Lola LC88B,lola-lc88b,LC88B
lola,Lola LC89,lola-lc89,LC89
lola,Lola LC89B,lola-lc89b,LC89B
lola,Lola LC90,lola-lc90,LC90
lola,Lola LC91,lola-lc91,LC91
lola,Lola Mk 4,lola-mk-4,Mk 4
lola,Lola Mk 4A,lola-mk-4a,Mk 4A
lola,Lola T100,lola-t100,T100
lola,Lola T102,lola-t102,T102
lola,Lola T370,lola-t370,T370
lola,Lola T371,lola-t371,T371
lola,Lola T93/30,lola-t93-30,T93/30
lola,Lola T97/30,lola-t97-30,T97/30
lola,Lola THL1,lola-thl1,THL1
lola,Lola THL2,lola-thl2,THL2
lotus,Lotus 100T,lotus-100t,100T
lotus,Lotus 101,lotus-101,101
lotus,Lotus 102,lotus-102,102
lotus,Lotus 102B,lotus-102b,102B
lotus,Lotus 102D,lotus-102d,102D
lotus,Lotus 107,lotus-107,107
lotus,Lotus 107B,lotus-107b,107B
lotus,Lotus 107C,lotus-107c,107C
lotus,Lotus 109,lotus-109,109
lotus,Lotus 12,lotus-12,12
lotus,Lotus 16,lotus-16,16
lotus,Lotus 18/21,lotus-18-21,18/21
lotus,Lotus 18,lotus-18,18
lotus,Lotus 20,lotus-20,20
lotus,Lotus 21,lotus-21,21
lotus,Lotus 22,lotus-22,22
lotus,Lotus 24,lotus-24,24
lotus,Lotus 25,lotus-25,25
lotus,Lotus 33,lotus-33,33
lotus,Lotus 43,lotus-43,43
lotus,Lotus 44,lotus-44,44
lotus,Lotus 48,lotus-48,48
lotus,Lotus 49,lotus-49,49
lotus,Lotus 49B,lotus-49b,49B
lotus,Lotus 49C,lotus-49c,49C
lotus,Lotus 56B,lotus-56b,56B
lotus,Lotus 59B,lotus-59b,59B
lotus,Lotus 63,lotus-63,63
lotus,Lotus 69 Special,lotus-69-special,69 Special
lotus,Lotus 72B,lotus-72b,72B
lotus,Lotus 72C,lotus-72c,72C
lotus,Lotus 72D,lotus-72d,72D
lotus,Lotus 72E,lotus-72e,72E
lotus,Lotus 76,lotus-76,76
lotus,Lotus 77,lotus-77,77
lotus,Lotus 78,lotus-78,78
lotus,Lotus 79,lotus-79,79
lotus,Lotus 80,lotus-80,80
lotus,Lotus 81,lotus-81,81
lotus,Lotus 81B,lotus-81b,81B
lotus,Lotus 87,lotus-87,87
lotus,Lotus 87B,lotus-87b,87B
lotus,Lotus 88,lotus-88,88
lotus,Lotus 88B,lotus-88b,88B
lotus,Lotus 91,lotus-91,91
lotus,Lotus 92,lotus-92,92
lotus,Lotus 93T,lotus-93t,93T
lotus,Lotus 94T,lotus-94t,94T
lotus,Lotus 95T,lotus-95t,95T
lotus,Lotus 97T,lotus-97t,97T
lotus,Lotus 98T,lotus-98t,98T
lotus,Lotus 99T,lotus-99t,99T
lotus-f1,Lotus E20,lotus-f1-e20,E20
lotus-f1,Lotus E21,lotus-f1-e21,E21
lotus-f1,Lotus E22,lotus-f1-e22,E22
lotus-f1,Lotus E23 Hybrid,lotus-f1-e23,E23
lotus-racing,Lotus T127,lotus-racing-t127,T127
lotus-racing,Lotus T128,lotus-racing-t128,T128
lyncar,Lyncar 006,lyncar-006,6
maki,Maki F101,maki-f101,F101
maki,Maki F101C,maki-f101c,F101C
maki,Maki F102A,maki-f102a,F102A
manor,Manor MRT05,manor-mrt05,MRT05
march,March 701,march-701,701
march,March 711,march-711,711
march,March 721,march-721,721
march,March 721G,march-721g,721G
march,March 721X,march-721x,721X
march,March 731,march-731,731
march,March 741,march-741,741
march,March 751,march-751,751
march,March 761,march-761,761
march,March 761B,march-761b,761B
march,March 771,march-771,771
march,March 781S,march-781s,781S
march,March 811,march-811,811
march,March 821,march-821,821
march,March 871,march-871,871
march,March 87P,march-87p,87P
march,March 881,march-881,881
march,March CG891,march-cg891,CG891
march,March CG911B,march-cg911b,CG911B
march,March CG911C,march-cg911c,CG911C
marchese,Marchese Championship Racer,marchese-championship-racer,Championship Racer
martini,Martini MK23,martini-mk23,MK23
marussia,Marussia MR01,marussia-mr01,MR01
marussia,Marussia MR02,marussia-mr02,MR02
marussia,Marussia MR03,marussia-mr03,MR03
marussia,Marussia MR03B,marussia-mr03b,MR03B
maserati,Maserati 250F,maserati-250f,250F
maserati,Maserati 4CL,maserati-4cl,4CL
maserati,Maserati 4CLT/48,maserati-4clt-48,4CLT/48
maserati,Maserati 4CLT/50,maserati-4clt-50,4CLT/50
maserati,Maserati 8CTF,maserati-8ctf,8CTF
maserati,Maserati A6GCM,maserati-a6gcm,A6GCM
matra,Matra MS10,matra-ms10,MS10
matra,Matra MS11,matra-ms11,MS11
matra,Matra MS120,matra-ms120,MS120
matra,Matra MS120B,matra-ms120b,MS120B
matra,Matra MS120C,matra-ms120c,MS120C
matra,Matra MS120D,matra-ms120d,MS120D
matra,Matra MS5,matra-ms5,MS5
matra,Matra MS7,matra-ms7,MS7
matra,Matra MS80,matra-ms80,MS80
matra,Matra MS84,matra-ms84,MS84
matra,Matra MS9,matra-ms9,MS9
mcguire,McGuire BM1,mcguire-bm1,BM1
mclaren,McLaren M14A,mclaren-m14a,M14A
mclaren,McLaren M14D,mclaren-m14d,M14D
mclaren,McLaren M19A,mclaren-m19a,M19A
mclaren,McLaren M19C,mclaren-m19c,M19C
mclaren,McLaren M23,mclaren-m23,M23
mclaren,McLaren M26,mclaren-m26,M26
mclaren,McLaren M28,mclaren-m28,M28
mclaren,McLaren M28B,mclaren-m28b,M28B
mclaren,McLaren M28C,mclaren-m28c,M28C
mclaren,McLaren M29,mclaren-m29,M29
mclaren,McLaren M29B,mclaren-m29b,M29B
mclaren,McLaren M29C,mclaren-m29c,M29C
mclaren,McLaren M29F,mclaren-m29f,M29F
mclaren,McLaren M2B,mclaren-m2b,M2B
mclaren,McLaren M30,mclaren-m30,M30
mclaren,McLaren M3A,mclaren-m3a,M3A
mclaren,McLaren M4B,mclaren-m4b,M4B
mclaren,McLaren M5A,mclaren-m5a,M5A
mclaren,McLaren M7A,mclaren-m7a,M7A
mclaren,McLaren M7B,mclaren-m7b,M7B
mclaren,McLaren M7C,mclaren-m7c,M7C
mclaren,McLaren M7D,mclaren-m7d,M7D
mclaren,McLaren M9A,mclaren-m9a,M9A
mclaren,McLaren MCL32,mclaren-mcl32,MCL32
mclaren,McLaren MCL33,mclaren-mcl33,MCL33
mclaren,McLaren MCL34,mclaren-mcl34,MCL34
mclaren,McLaren MCL35,mclaren-mcl35,MCL35
mclaren,McLaren MCL35M,mclaren-mcl35m,MCL35M
mclaren,McLaren MCL36,mclaren-mcl36,MCL36
mclaren,McLaren MCL38,mclaren-mcl38,MCL38
mclaren,McLaren MCL39,mclaren-mcl39,MCL39
mclaren,McLaren MCL60,mclaren-mcl60,MCL60
mclaren,McLaren MP4/1,mclaren-mp4-1,MP4/1
mclaren,McLaren MP4/10,mclaren-mp4-10,MP4/10
mclaren,McLaren MP4/10B,mclaren-mp4-10b,MP4/10B
mclaren,McLaren MP4/10C,mclaren-mp4-10c,MP4/10C
mclaren,McLaren MP4/11,mclaren-mp4-11,MP4/11
mclaren,McLaren MP4/11B,mclaren-mp4-11b,MP4/11B
mclaren,McLaren MP4/12,mclaren-mp4-12,MP4/12
mclaren,McLaren MP4/13,mclaren-mp4-13,MP4/13
mclaren,McLaren MP4/14,mclaren-mp4-14,MP4/14
mclaren,McLaren MP4/15,mclaren-mp4-15,MP4/15
mclaren,McLaren MP4-16,mclaren-mp4-16,MP4-16
mclaren,McLaren MP4-17,mclaren-mp4-17,MP4-17
mclaren,McLaren MP4-17D,mclaren-mp4-17d,MP4-17D
mclaren,McLaren MP4-19,mclaren-mp4-19,MP4-19
mclaren,McLaren MP4-19B,mclaren-mp4-19b,MP4-19B
mclaren,McLaren MP4/1B,mclaren-mp4-1b,MP4/1B
mclaren,McLaren MP4/1C,mclaren-mp4-1c,MP4/1C
mclaren,McLaren MP4/1E,mclaren-mp4-1e,MP4/1E
mclaren,McLaren MP4/2,mclaren-mp4-2,MP4/2
mclaren,McLaren MP4-20,mclaren-mp4-20,MP4-20
mclaren,McLaren MP4-21,mclaren-mp4-21,MP4-21
mclaren,McLaren MP4-22,mclaren-mp4-22,MP4-22
mclaren,McLaren MP4-23,mclaren-mp4-23,MP4-23
mclaren,McLaren MP4-24,mclaren-mp4-24,MP4-24
mclaren,McLaren MP4-25,mclaren-mp4-25,MP4-25
mclaren,McLaren MP4-26,mclaren-mp4-26,MP4-26
mclaren,McLaren MP4-27,mclaren-mp4-27,MP4-27
mclaren,McLaren MP4-28,mclaren-mp4-28,MP4-28
mclaren,McLaren MP4-29,mclaren-mp4-29,MP4-29
mclaren,McLaren MP4/2B,mclaren-mp4-2b,MP4/2B
mclaren,McLaren MP4/2C,mclaren-mp4-2c,MP4/2C
mclaren,McLaren MP4/3,mclaren-mp4-3,MP4/3
mclaren,McLaren MP4-30,mclaren-mp4-30,MP4-30
mclaren,McLaren MP4-31,mclaren-mp4-31,MP4-31
mclaren,McLaren MP4/4,mclaren-mp4-4,MP4/4
mclaren,McLaren MP4/5,mclaren-mp4-5,MP4/5
mclaren,McLaren MP4/5B,mclaren-mp4-5b,MP4/5B
mclaren,McLaren MP4/6,mclaren-mp4-6,MP4/6
mclaren,McLaren MP4/6B,mclaren-mp4-6b,MP4/6B
mclaren,McLaren MP4/7A,mclaren-mp4-7a,MP4/7A
mclaren,McLaren MP4/8,mclaren-mp4-8,MP4/8
mclaren,McLaren MP4/9,mclaren-mp4-9,MP4/9
mercedes,Mercedes F1 W03,mercedes-f1-w03,F1 W03
mercedes,Mercedes F1 W04,mercedes-f1-w04,F1 W04
mercedes,Mercedes F1 W05 Hybrid,mercedes-f1-w05,F1 W05
mercedes,Mercedes F1 W06 Hybrid,mercedes-f1-w06,F1 W06
mercedes,Mercedes F1 W07 Hybrid,mercedes-f1-w07,F1 W07
mercedes,Mercedes F1 W08 EQ Power+,mercedes-f1-w08,F1 W08
mercedes,Mercedes F1 W09 EQ Power+,mercedes-f1-w09,F1 W09
mercedes,Mercedes F1 W10 EQ Power+,mercedes-f1-w10,F1 W10
mercedes,Mercedes F1 W11,mercedes-f1-w11,F1 W11
mercedes,Mercedes F1 W12,mercedes-f1-w12,F1 W12
mercedes,Mercedes F1 W13,mercedes-f1-w13,F1 W13
mercedes,Mercedes F1 W14,mercedes-f1-w14,F1 W14
mercedes,Mercedes F1 W15,mercedes-f1-w15,F1 W15
mercedes,Mercedes F1 W16,mercedes-f1-w16,F1 W16
mercedes,Mercedes MGP W01,mercedes-mgp-w01,MGP W01
mercedes,Mercedes MGP W02,mercedes-mgp-w02,MGP W02
mercedes,Mercedes W196,mercedes-w196,W196
merzario,Merzario A1,merzario-a1,A1
merzario,Merzario A1B,merzario-a1b,A1B
merzario,Merzario A2,merzario-a2,A2
merzario,Merzario A4,merzario-a4,A4
meskowski,Meskowski,meskowski,Meskowski
midland,Midland M16,midland-m16,M16
minardi,Minardi M01,minardi-m01,M01
minardi,Minardi M02,minardi-m02,M02
minardi,Minardi M185,minardi-m185,M185
minardi,Minardi M185B,minardi-m185b,M185B
minardi,Minardi M186,minardi-m186,M186
minardi,Minardi M187,minardi-m187,M187
minardi,Minardi M188,minardi-m188,M188
minardi,Minardi M188B,minardi-m188b,M188B
minardi,Minardi M189,minardi-m189,M189
minardi,Minardi M190,minardi-m190,M190
minardi,Minardi M191,minardi-m191,M191
minardi,Minardi M191B,minardi-m191b,M191B
minardi,Minardi M192,minardi-m192,M192
minardi,Minardi M193,minardi-m193,M193
minardi,Minardi M193B,minardi-m193b,M193B
minardi,Minardi M194,minardi-m194,M194
minardi,Minardi M195,minardi-m195,M195
minardi,Minardi M195B,minardi-m195b,M195B
minardi,Minardi M197,minardi-m197,M197
minardi,Minardi M198,minardi-m198,M198
minardi,Minardi PS01,minardi-ps01,PS01
minardi,Minardi PS01B,minardi-ps01b,PS01B
minardi,Minardi PS02,minardi-ps02,PS02
minardi,Minardi PS03,minardi-ps03,PS03
minardi,Minardi PS04,minardi-ps04,PS04
minardi,Minardi PS04B,minardi-ps04b,PS04B
minardi,Minardi PS05,minardi-ps05,PS05
modena,Lambo 291,modena-291,291
moore,Moore,moore,Moore
nacke,Nacke HH48,nacke-hh48,HH48
nichels,Nichels,nichels,Nichels
olson,Olson Special,olson-special,Special
onyx,Onyx ORE-1,onyx-ore-1,ORE-1
onyx,Onyx ORE-1B,onyx-ore-1b,ORE-1B
osca,OSCA 20,osca-20,20
osca,OSCA 4500G,osca-4500g,4500G
osca,OSCA F2,osca-f2,F2
osella,Osella FA1,osella-fa1,FA1
osella,Osella FA1B,osella-fa1b,FA1B
osella,Osella FA1C,osella-fa1c,FA1C
osella,Osella FA1D,osella-fa1d,FA1D
osella,Osella FA1E,osella-fa1e,FA1E
osella,Osella FA1F,osella-fa1f,FA1F
osella,Osella FA1G,osella-fa1g,FA1G
osella,Osella FA1H,osella-fa1h,FA1H
osella,Osella FA1I,osella-fa1i,FA1I
osella,Osella FA1L,osella-fa1l,FA1L
osella,Osella FA1M,osella-fa1m,FA1M
osella,Osella FA1ME,osella-fa1me,FA1ME
pacific,Pacific PR01,pacific-pr01,PR01
pacific,Pacific PR02,pacific-pr02,PR02
pankratz,Pankratz D,pankratz-d,D
parnelli,Parnelli VPJ4,parnelli-vpj4,VPJ4
parnelli,Parnelli VPJ4B,parnelli-vpj4b,VPJ4B
pawl,Pawl,pawl,Pawl
penske,Penske PC1,penske-pc1,PC1
penske,Penske PC3,penske-pc3,PC3
penske,Penske PC4,penske-pc4,PC4
phillips,Phillips,phillips,Phillips
politoys,Politoys FX3,politoys-fx3,FX3
porsche,Porsche 718,porsche-718,718
porsche,Porsche 787,porsche-787,787
porsche,Porsche 804,porsche-804,804
porsche,Porsche RS550,porsche-rs550,RS550
porsche,Porsche RSK,porsche-rsk,RSK
prost,Prost AP01,prost-ap01,AP01
prost,Prost AP02,prost-ap02,AP02
prost,Prost AP03,prost-ap03,AP03
prost,Prost AP04,prost-ap04,AP04
prost,Prost JS45,prost-js45,JS45
protos,Protos F2,protos-f2,F2
racing-bulls,Racing Bulls VCARB 02,racing-bulls-vcarb-02,VCARB 02
racing-point,Racing Point RP19,racing-point-rp19,RP19
racing-point,Racing Point RP20,racing-point-rp20,RP20
rae,Rae,rae,Rae
ram,RAM 01,ram-01,1
ram,RAM 02,ram-02,2
ram,RAM 03,ram-03,3
rb,RB VCARB 01,rb-vcarb-01,VCARB 01
rebaque,Rebaque HR100,rebaque-hr100,HR100
red-bull,Red Bull RB1,red-bull-rb1,RB1
red-bull,Red Bull RB10,red-bull-rb10,RB10
red-bull,Red Bull RB11,red-bull-rb11,RB11
red-bull,Red Bull RB12,red-bull-rb12,RB12
red-bull,Red Bull RB13,red-bull-rb13,RB13
red-bull,Red Bull RB14,red-bull-rb14,RB14
red-bull,Red Bull RB15,red-bull-rb15,RB15
red-bull,Red Bull RB16,red-bull-rb16,RB16
red-bull,Red Bull RB16B,red-bull-rb16b,RB16B
red-bull,Red Bull RB18,red-bull-rb18,RB18
red-bull,Red Bull RB19,red-bull-rb19,RB19
red-bull,Red Bull RB2,red-bull-rb2,RB2
red-bull,Red Bull RB20,red-bull-rb20,RB20
red-bull,Red Bull RB21,red-bull-rb21,RB21
red-bull,Red Bull RB3,red-bull-rb3,RB3
red-bull,Red Bull RB4,red-bull-rb4,RB4
red-bull,Red Bull RB5,red-bull-rb5,RB5
red-bull,Red Bull RB6,red-bull-rb6,RB6
red-bull,Red Bull RB7,red-bull-rb7,RB7
red-bull,Red Bull RB8,red-bull-rb8,RB8
red-bull,Red Bull RB9,red-bull-rb9,RB9
reif,Reif,reif,Reif
renault,Renault R202,renault-r202,R202
renault,Renault R23,renault-r23,R23
renault,Renault R23B,renault-r23b,R23B
renault,Renault R24,renault-r24,R24
renault,Renault R24B,renault-r24b,R24B
renault,Renault R25,renault-r25,R25
renault,Renault R26,renault-r26,R26
renault,Renault R27,renault-r27,R27
renault,Renault R28,renault-r28,R28
renault,Renault R29,renault-r29,R29
renault,Renault R30,renault-r30,R30
renault,Renault R31,renault-r31,R31
renault,Renault RE20,renault-re20,RE20
renault,Renault RE20B,renault-re20b,RE20B
renault,Renault RE30,renault-re30,RE30
renault,Renault RE30B,renault-re30b,RE30B
renault,Renault RE30C,renault-re30c,RE30C
renault,Renault RE40,renault-re40,RE40
renault,Renault RE50,renault-re50,RE50
renault,Renault RE60,renault-re60,RE60
renault,Renault RE60B,renault-re60b,RE60B
renault,Renault RS01,renault-rs01,RS01
renault,Renault RS10,renault-rs10,RS10
renault,Renault R.S.16,renault-rs16,R.S.16
renault,Renault R.S.17,renault-rs17,R.S.17
renault,Renault R.S.18,renault-rs18,R.S.18
renault,Renault R.S.19,renault-rs19,R.S.19
renault,Renault R.S.20,renault-rs20,R.S.20
rial,Rial ARC1,rial-arc1,ARC1
rial,Rial ARC2,rial-arc2,ARC2
sauber,Sauber C12,sauber-c12,C12
sauber,Sauber C13,sauber-c13,C13
sauber,Sauber C14,sauber-c14,C14
sauber,Sauber C15,sauber-c15,C15
sauber,Sauber C16,sauber-c16,C16
sauber,Sauber C17,sauber-c17,C17
sauber,Sauber C18,sauber-c18,C18
sauber,Sauber C19,sauber-c19,C19
sauber,Sauber C20,sauber-c20,C20
sauber,Sauber C21,sauber-c21,C21
sauber,Sauber C22,sauber-c22,C22
sauber,Sauber C23,sauber-c23,C23
sauber,Sauber C24,sauber-c24,C24
sauber,Sauber C29,sauber-c29,C29
sauber,Sauber C30,sauber-c30,C30
sauber,Sauber C31,sauber-c31,C31
sauber,Sauber C32,sauber-c32,C32
sauber,Sauber C33,sauber-c33,C33
sauber,Sauber C34,sauber-c34,C34
sauber,Sauber C35,sauber-c35,C35
sauber,Sauber C36,sauber-c36,C36
sauber,Sauber C37,sauber-c37,C37
scarab,Scarab F1,scarab-f1,F1
schroeder,Schroeder,schroeder,Schroeder
scirocco,Scirocco SP,scirocco-sp,SP
shadow,Shadow DN1,shadow-dn1,DN1
shadow,Shadow DN11,shadow-dn11,DN11
shadow,Shadow DN12,shadow-dn12,DN12
shadow,Shadow DN3,shadow-dn3,DN3
shadow,Shadow DN3B,shadow-dn3b,DN3B
shadow,Shadow DN5,shadow-dn5,DN5
shadow,Shadow DN5B,shadow-dn5b,DN5B
shadow,Shadow DN7,shadow-dn7,DN7
shadow,Shadow DN8,shadow-dn8,DN8
shadow,Shadow DN9,shadow-dn9,DN9
shannon,Shannon SH1,shannon-sh1,SH1
sherman,Sherman,sherman,Sherman
simca-gordini,Simca-Gordini T11,simca-gordini-t11,T11
simca-gordini,Simca-Gordini T15,simca-gordini-t15,T15
simtek,Simtek S941,simtek-s941,S941
simtek,Simtek S951,simtek-s951,S951
snowberger,Snowberger,snowberger,Snowberger
spirit,Spirit 101,spirit-101,101
spirit,Spirit 101C,spirit-101c,101C
spirit,Spirit 101D,spirit-101d,101D
spirit,Spirit 201,spirit-201,201
spirit,Spirit 201C,spirit-201c,201C
spyker,Spyker F8-VII,spyker-f8-vii,F8-VII
spyker,Spyker F8-VIIB,spyker-f8-viib,F8-VIIB
stebro,Stebro Mk IV,stebro-mk-iv,Mk IV
stevens,Stevens Ansted Special,stevens-ansted-special,Ansted Special
stevens,Stevens Belanger Indy Special,stevens-belanger-indy-special,Belanger Indy Special
stevens,Stevens Chapman Special,stevens-chapman-special,Chapman Special
stevens,Stevens,stevens,Stevens
stewart,Stewart SF01,stewart-sf01,SF01
stewart,Stewart SF02,stewart-sf02,SF02
stewart,Stewart SF3,stewart-sf3,SF3
super-aguri,Super Aguri SA05,super-aguri-sa05,SA05
super-aguri,Super Aguri SA06,super-aguri-sa06,SA06
super-aguri,Super Aguri SA07,super-aguri-sa07,SA07
super-aguri,Super Aguri SA08,super-aguri-sa08,SA08
surtees,Surtees TS14,surtees-ts14,TS14
surtees,Surtees TS14A,surtees-ts14a,TS14A
surtees,Surtees TS16,surtees-ts16,TS16
surtees,Surtees TS19,surtees-ts19,TS19
surtees,Surtees TS20,surtees-ts20,TS20
surtees,Surtees TS7,surtees-ts7,TS7
surtees,Surtees TS9,surtees-ts9,TS9
surtees,Surtees TS9B,surtees-ts9b,TS9B
sutton,Sutton,sutton,Sutton
talbot-lago,Talbot-Lago T26C-DA,talbot-lago-t26c-da,T26C-DA
talbot-lago,Talbot-Lago T26C-GS,talbot-lago-t26c-gs,T26C-GS
talbot-lago,Talbot-Lago T26C,talbot-lago-t26c,T26C
tec-mec,Tec-Mec F415,tec-mec-f415,F415
tecno,Tecno PA123/3,tecno-pa123-3,PA123/3
tecno,Tecno PA123/6,tecno-pa123-6,PA123/6
tecno,Tecno TF69,tecno-tf69,TF69
theodore,Theodore N183,theodore-n183,N183
theodore,Theodore TR1,theodore-tr1,TR1
theodore,Theodore TY01,theodore-ty01,TY01
theodore,Theodore TY02,theodore-ty02,TY02
token,Token RJ02,token-rj02,RJ02
toleman,Toleman TG181,toleman-tg181,TG181
toleman,Toleman TG181B,toleman-tg181b,TG181B
toleman,Toleman TG181C,toleman-tg181c,TG181C
toleman,Toleman TG183,toleman-tg183,TG183
toleman,Toleman TG183B,toleman-tg183b,TG183B
toleman,Toleman TG184,toleman-tg184,TG184
toleman,Toleman TG185,toleman-tg185,TG185
toro-rosso,Toro Rosso STR1,toro-rosso-str1,STR1
toro-rosso,Toro Rosso STR10,toro-rosso-str10,STR10
toro-rosso,Toro Rosso STR11,toro-rosso-str11,STR11
toro-rosso,Toro Rosso STR12,toro-rosso-str12,STR12
toro-rosso,Toro Rosso STR13,toro-rosso-str13,STR13
toro-rosso,Toro Rosso STR14,toro-rosso-str14,STR14
toro-rosso,Toro Rosso STR2,toro-rosso-str2,STR2
toro-rosso,Toro Rosso STR2B,toro-rosso-str2b,STR2B
toro-rosso,Toro Rosso STR3,toro-rosso-str3,STR3
toro-rosso,Toro Rosso STR4,toro-rosso-str4,STR4
toro-rosso,Toro Rosso STR5,toro-rosso-str5,STR5
toro-rosso,Toro Rosso STR6,toro-rosso-str6,STR6
toro-rosso,Toro Rosso STR7,toro-rosso-str7,STR7
toro-rosso,Toro Rosso STR8,toro-rosso-str8,STR8
toro-rosso,Toro Rosso STR9,toro-rosso-str9,STR9
toyota,Toyota TF102,toyota-tf102,TF102
toyota,Toyota TF103,toyota-tf103,TF103
toyota,Toyota TF104,toyota-tf104,TF104
toyota,Toyota TF104B,toyota-tf104b,TF104B
toyota,Toyota TF105,toyota-tf105,TF105
toyota,Toyota TF105B,toyota-tf105b,TF105B
toyota,Toyota TF106,toyota-tf106,TF106
toyota,Toyota TF106B,toyota-tf106b,TF106B
toyota,Toyota TF107,toyota-tf107,TF107
toyota,Toyota TF108,toyota-tf108,TF108
toyota,Toyota TF109,toyota-tf109,TF109
trevis,Trevis Indycar,trevis-indycar,Indycar
trojan,Trojan T103,trojan-t103,T103
turner,Turner,turner,Turner
tyrrell,Tyrrell 001,tyrrell-001,1
tyrrell,Tyrrell 002,tyrrell-002,2
tyrrell,Tyrrell 003,tyrrell-003,3
tyrrell,Tyrrell 004,tyrrell-004,4
tyrrell,Tyrrell 005,tyrrell-005,5
tyrrell,Tyrrell 006,tyrrell-006,6
tyrrell,Tyrrell 007,tyrrell-007,7
tyrrell,Tyrrell 008,tyrrell-008,008
tyrrell,Tyrrell 009,tyrrell-009,009
tyrrell,Tyrrell 010,tyrrell-010,8
tyrrell,Tyrrell 011,tyrrell-011,9
tyrrell,Tyrrell 011B,tyrrell-011b,011B
tyrrell,Tyrrell 012,tyrrell-012,10
tyrrell,Tyrrell 014,tyrrell-014,12
tyrrell,Tyrrell 015,tyrrell-015,13
tyrrell,Tyrrell 017,tyrrell-017,15
tyrrell,Tyrrell 017B,tyrrell-017b,017B
tyrrell,Tyrrell 018,tyrrell-018,018
tyrrell,Tyrrell 019,tyrrell-019,019
tyrrell,Tyrrell 020,tyrrell-020,16
tyrrell,Tyrrell 020B,tyrrell-020b,020B
tyrrell,Tyrrell 020C,tyrrell-020c,020C
tyrrell,Tyrrell 021,tyrrell-021,17
tyrrell,Tyrrell 022,tyrrell-022,18
tyrrell,Tyrrell 023,tyrrell-023,19
tyrrell,Tyrrell 024,tyrrell-024,20
tyrrell,Tyrrell 025,tyrrell-025,21
tyrrell,Tyrrell 026,tyrrell-026,22
tyrrell,Tyrrell DG016,tyrrell-dg016,DG016
tyrrell,Tyrrell P34,tyrrell-p34,P34
vanwall,Vanwall Special,vanwall-special,Special
vanwall,Vanwall VW 11,vanwall-vw-11,VW 11
vanwall,Vanwall VW 2,vanwall-vw-2,VW 2
vanwall,Vanwall VW 5,vanwall-vw-5,VW 5
vanwall,Vanwall VW 55,vanwall-vw-55,VW 55
vanwall,Vanwall VW 59,vanwall-vw-59,VW 59
venturi,Venturi LC92,venturi-lc92,LC92
veritas,Veritas Meteor,veritas-meteor,Meteor
veritas,Veritas RS,veritas-rs,RS
virgin,Virgin MVR-02,virgin-mvr-02,MVR-02
virgin,Virgin VR-01,virgin-vr-01,VR-01
watson,Watson CC-50,watson-cc-50,CC-50
watson,Watson CC-53,watson-cc-53,CC-53
watson,Watson Indy Roadster,watson-indy-roadster,Indy Roadster
wetteroth,Wetteroth,wetteroth,Wetteroth
williams,Williams FW06,williams-fw06,FW06
williams,Williams FW07,williams-fw07,FW07
williams,Williams FW07B,williams-fw07b,FW07B
williams,Williams FW07C,williams-fw07c,FW07C
williams,Williams FW07D,williams-fw07d,FW07D
williams,Williams FW08,williams-fw08,FW08
williams,Williams FW08C,williams-fw08c,FW08C
williams,Williams FW09,williams-fw09,FW09
williams,Williams FW09B,williams-fw09b,FW09B
williams,Williams FW10,williams-fw10,FW10
williams,Williams FW10B,williams-fw10b,FW10B
williams,Williams FW11,williams-fw11,FW11
williams,Williams FW11B,williams-fw11b,FW11B
williams,Williams FW12,williams-fw12,FW12
williams,Williams FW12C,williams-fw12c,FW12C
williams,Williams FW13,williams-fw13,FW13
williams,Williams FW13B,williams-fw13b,FW13B
williams,Williams FW14,williams-fw14,FW14
williams,Williams FW14B,williams-fw14b,FW14B
williams,Williams FW15C,williams-fw15c,FW15C
williams,Williams FW16,williams-fw16,FW16
williams,Williams FW16B,williams-fw16b,FW16B
williams,Williams FW17,williams-fw17,FW17
williams,Williams FW17B,williams-fw17b,FW17B
williams,Williams FW18,williams-fw18,FW18
williams,Williams FW19,williams-fw19,FW19
williams,Williams FW20,williams-fw20,FW20
williams,Williams FW21,williams-fw21,FW21
williams,Williams FW22,williams-fw22,FW22
williams,Williams FW23,williams-fw23,FW23
williams,Williams FW24,williams-fw24,FW24
williams,Williams FW25,williams-fw25,FW25
williams,Williams FW26,williams-fw26,FW26
williams,Williams FW27,williams-fw27,FW27
williams,Williams FW28,williams-fw28,FW28
williams,Williams FW29,williams-fw29,FW29
williams,Williams FW30,williams-fw30,FW30
williams,Williams FW31,williams-fw31,FW31
williams,Williams FW32,williams-fw32,FW32
williams,Williams FW33,williams-fw33,FW33
williams,Williams FW34,williams-fw34,FW34
williams,Williams FW35,williams-fw35,FW35
williams,Williams FW36,williams-fw36,FW36
williams,Williams FW37,williams-fw37,FW37
williams,Williams FW38,williams-fw38,FW38
williams,Williams FW40,williams-fw40,FW40
williams,Williams FW41,williams-fw41,FW41
williams,Williams FW42,williams-fw42,FW42
williams,Williams FW43,williams-fw43,FW43
williams,Williams FW43B,williams-fw43b,FW43B
williams,Williams FW44,williams-fw44,FW44
williams,Williams FW45,williams-fw45,FW45
williams,Williams FW46,williams-fw46,FW46
williams,Williams FW47,williams-fw47,FW47
wolf-williams,Wolf-Williams FW04,wolf-williams-fw04,FW04
wolf-williams,Wolf-Williams FW05,wolf-williams-fw05,FW05
wolf,Wolf WR1,wolf-wr1,WR1
wolf,Wolf WR2,wolf-wr2,WR2
wolf,Wolf WR3,wolf-wr3,WR3
wolf,Wolf WR4,wolf-wr4,WR4
wolf,Wolf WR5,wolf-wr5,WR5
wolf,Wolf WR6,wolf-wr6,WR6
wolf,Wolf WR7,wolf-wr7,WR7
wolf,Wolf WR8,wolf-wr8,WR8
wolf,Wolf WR9,wolf-wr9,WR9
zakspeed,Zakspeed 841,zakspeed-841,841
zakspeed,Zakspeed 861,zakspeed-861,861
zakspeed,Zakspeed 871,zakspeed-871,871
zakspeed,Zakspeed 881,zakspeed-881,881
zakspeed,Zakspeed 891,zakspeed-891,891
